ID,County,lon,lat,2005,2006,2007,2008,2009,2010,2011,2012,2013,2014
0,鹿泉市,114.3205976,38.09174946,6.324077729,6.469937242,6.615796755,6.761656267,6.90751578,7.053375293,5.946300571,6.075002944,6.110244193,7.127886541
1,邯郸市,115.2485472,37.5345906,1.294348069,3.172120659,3.173665349,3.175210039,3.176754729,3.178299419,5.295149639,5.637149028,5.692695214,5.547339323
2,邯郸县,115.1496047,37.08045712,9.050172433,6.32059706,6.501243047,6.681889035,6.862535022,7.04318101,6.246135338,6.90004945,6.939751553,7.106986301
3,临漳县,114.5456282,36.63126273,6.764833238,6.934320603,7.103807968,7.273295334,7.442782699,7.612270064,6.762973722,7.169411827,7.26539075,7.355925079
4,成安县,114.5456282,36.63126273,5.067378501,5.119373376,5.17136825,1.190691684,5.275358,5.327352875,6.72889618,7.169434267,0.745644931,7.286876381
5,大名县,114.5921777,36.32938113,5.694975391,5.852003896,6.009032401,6.166060906,6.323089411,6.480117916,6.604955888,7.005052543,7.099648259,7.124958236
6,磁县,114.6765766,36.44979621,4.944206808,5.043345357,5.142483906,5.241622455,5.340761003,5.439899552,5.519960554,6.20999848,6.222146119,6.364511278
7,肥乡县,115.1546125,36.29128847,6.062295449,6.206611233,6.350927017,6.495242801,6.639558585,6.783874369,6.616601773,7.080058713,7.126817991,7.21658947
8,永年县,114.3804317,36.38035894,6.619846003,6.749097542,6.878349081,7.00760062,7.136852159,7.266103698,6.757978408,7.16303832,7.217706477,7.305071339
9,邱县,114.8065471,36.55382525,6.365272388,6.560781012,6.756289636,6.95179826,7.147306884,7.342815509,6.178844816,6.824952562,7.04972633,7.136569873
10,鸡泽县,114.5506251,36.74756939,2.818399084,3.816074339,2.682030321,1.584367278,2.771932487,2.877959542,6.500749086,6.98999221,7.155173433,7.256617344
11,广平县,115.1933952,36.81736242,5.764356951,5.909920266,6.05548358,6.201046895,6.346610209,6.492173524,6.436305732,6.974974722,6.98342821,7.096523388
12,馆陶县,114.8965858,36.91639821,6.183136495,6.33296919,6.482801886,6.632634581,6.782467276,6.932299971,6.733522019,7.067865824,7.126630964,7.249598208
13,魏县,114.9544149,36.48978,5.379148211,5.532994832,5.686841454,4.720624152,5.994534696,6.148381317,6.418083821,6.959994375,6.978296574,7.14450962
14,曲周县,115.2885368,36.55395673,5.723490792,5.865840027,6.008189262,6.150538497,6.292887732,6.435236966,6.728996013,7.100708104,7.156942446,7.186510791
15,邢台市,114.9454504,36.36615645,5.476254261,5.588169601,5.700084941,5.812000281,5.923915621,6.035830961,5.295246216,5.161783714,5.179692719,5.366307092
16,邢台县,114.9634044,36.77154483,5.301175186,5.410342309,5.519509432,5.628676554,5.737843677,5.8470108,5.118931839,5.051119307,5.070460469,5.315827118
17,临城县,114.5114623,37.07668595,4.144100644,4.228272561,4.312444479,4.396616396,4.480788313,4.56496023,4.780119899,4.78507263,5.355140187,5.516677881
18,内丘县,114.5114623,37.07668595,1.755858183,2.010606953,1.861651068,2.618699093,1.899753954,1.893846405,5.280782137,5.356584177,5.549884426,5.681588265
19,柏乡县,114.5054433,37.45078855,7.286954268,7.445233365,7.603512462,7.761791559,7.920070656,8.078349754,7.224657724,7.35300207,7.326308444,7.384636852
20,隆尧县,114.5184929,37.29285791,6.585009218,6.774506331,6.964003444,7.153500557,7.34299767,7.532494784,6.75021959,6.975004392,6.978746177,7.072427229
21,任县,114.6994974,37.48875873,6.264390665,6.43904906,6.613707455,6.78836585,6.963024246,7.137682641,7.490093121,7.503036437,7.387366255,7.446389677
22,南和县,114.7766161,37.35590801,5.672438942,5.80042508,5.928411219,2.477150917,6.184383496,6.312369635,6.483187391,6.525060935,6.54691137,6.67490184
23,宁晋县,114.5114623,37.07668595,6.132781763,6.290368316,6.447954869,6.605541422,6.763127975,6.920714528,6.793962787,7.210516457,7.265994675,7.353003802
24,巨鹿县,114.5114623,37.07668595,5.633076673,5.832335985,6.031595297,6.23085461,6.430113922,6.629373234,5.784023484,5.813219643,5.93852083,6.055082375
25,新河县,114.9459695,37.63074153,5.841052463,6.041530163,6.242007864,6.442485565,6.642963265,6.843440966,5.486628734,5.500933158,5.633431281,5.749830462
26,广宗县,115.0435874,37.22708833,5.313996249,5.493496869,5.672997489,5.852498108,6.031998728,6.211499348,5.580952381,5.61029842,5.610433071,5.746589817
27,平乡县,115.0365817,37.06909639,5.221878733,4.881974417,3.584984958,5.113420118,3.564085475,3.507615412,5.832091522,5.888110295,6.154616908,6.256033453
28,威县,115.6743936,37.0463754,2.20547422,3.268461953,2.71122708,2.316443556,2.141058655,2.600417246,5.430040872,5.472013604,5.490277778,5.697131369
29,清河县,115.2736176,36.98158161,2.012568031,3.232002536,1.801328525,3.175905455,1.671842124,1.744646275,7.180600796,7.293096321,7.266169451,7.336506024
30,临西县,114.5094739,36.86112734,6.285992088,6.464335655,6.642679222,6.821022789,6.999366356,7.177709922,5.851800612,6.000659332,6.021300542,6.190504202
31,南宫市,115.4145291,37.3640694,7.117896522,5.974675442,6.506079501,6.355201747,6.861481481,7.130441187,5.163257736,5.225866271,5.247153598,5.465265232
32,沙河市,115.5076294,36.87675997,4.828899537,4.907346969,4.985794401,5.064241834,5.142689266,5.221136698,4.579309759,4.59441292,4.950031361,5.065240642
33,高阳县,115.6954074,41.67601588,4.136205534,4.805530803,3.435960075,3.040935673,4.385677168,5.661517114,5.782180851,5.895039858,6.035410633,6.136252584
34,张家口市,114.8925722,40.7732372,4.113771319,4.163101789,4.212432259,4.261762729,4.311093199,4.360423669,1.25,1.047619048,4.209677419,2.845002125
35,宣化县,115.7854472,38.70625773,0.335820896,1.354334392,0.000952381,0.30009357,0.000248756,0.245525885,0.702294712,0.536131527,0.369968343,0.203805159
36,张北县,114.7263751,41.16494362,0.825075196,0.823264348,0.821453499,0.81964265,0.817831802,0.816020953,0.683965534,1.074399763,1.562113721,1.092156656
37,康保县,115.1054444,40.61459189,0.700539368,0.695111416,0.689683463,0.684255511,0.678827559,0.673399607,1.239224068,0.983498976,1.469996162,1.278241335
38,沽源县,114.6063558,41.85863688,1.974539433,0.960859789,0.640512079,0.006994012,0.51316726,0.69022823,1.323904259,1.035992801,1.199596774,0.810157195
39,尚义县,114.5954006,39.84708864,0.714854781,0.710792303,0.706729825,0.702667348,0.69860487,0.694542392,1.086185044,0.979131886,1.439875065,0.870750481
40,蔚县,113.9758094,41.08221564,0.017709924,0.583254655,0.010325407,0.555293222,0.006021505,0.000957535,0.342857143,2.631578947,1.25,0.56313473
41,阳原县,114.1575241,40.10958839,1.667268721,1.65017138,1.63307404,1.615976699,1.598879358,1.581782018,1.587221218,1.583127141,1.579033063,1.574938985
42,怀安县,114.7474258,40.77314965,2.001221964,1.973575923,1.945929882,1.918283841,1.8906378,1.862991758,1.826905805,1.801685476,1.776465147,1.751244818
43,万全县,114.3924691,40.68036934,2.540352408,2.483035042,2.425717676,0.039640131,2.311082943,2.253765577,1.529994268,1.340206186,1.170212766,1.164632405
44,赤城县,115.8385059,40.91876122,0.00268414,0.561300152,0.003240741,0.503913631,0.002925073,0.446527111,0.122589539,0.061229481,0.227436967,0.172141634
45,崇礼县,115.2895493,40.98047789,0.13021518,0.569191674,0.061014572,0.465964747,0.022964341,0.116129032,2.379587156,2.094412331,2.549707602,2.250636132
46,平泉县,118.7074267,41.02375563,0.021970185,0.900781241,0.628494955,0.356208669,0.000472986,0.001183165,5.333333333,0.769145775,0.656628008,0.544110241
47,宽城满族自治县,118.4915944,40.61715151,3.317161543,3.373335557,3.429509571,3.485683585,3.541857599,3.598031613,3.414462282,3.444112005,3.473761728,3.503411451
48,沧州市,116.8455808,38.31021514,4.365890509,4.46673852,4.567586532,4.668434544,4.769282556,4.870130568,3.702839269,3.707576858,3.745229244,4.263701419
49,沧县,116.8843978,38.29945274,3.976197035,4.092590695,4.208984354,4.325378014,4.441771673,4.558165333,4.52852892,4.552039442,4.573791234,4.76433181
50,东光县,117.504418,38.14940252,5.84102091,4.056752332,4.437144378,1.691404036,5.072142385,5.495025934,6.524587714,6.699752842,6.728081511,5.617822817
51,海兴县,117.2374136,38.0643184,1.385219664,1.225161612,1.065103559,0.905045506,0.744987453,0.5849294,3.161687693,3.230446005,3.449958099,1.725806408
52,盐山县,115.8365177,38.42890592,3.091733618,4.411385032,4.546777672,4.682170312,5.232308278,4.843141023,4.267367519,4.306914547,4.3274983,4.754270981
53,肃宁县,116.5434096,37.89451391,6.232938789,6.421075993,6.609213197,6.797350401,6.985487605,7.173624809,6.11940975,6.122027972,6.144473008,4.514153592
54,南皮县,116.7156012,38.04518789,4.421272494,5.717968029,4.960848775,6.088833097,6.829066986,7.495116141,5.853508065,5.930470431,5.955282555,5.10210861
55,吴桥县,116.3973921,37.63390876,3.002769124,3.251294467,1.22060505,8.819260766,1.16408989,1.137817744,6.720592134,6.906726169,6.95790546,5.570786691
56,献县,117.3364811,38.3774939,4.211825706,4.339742795,4.467659884,4.595576973,4.723494063,4.851411152,5.325150682,5.515117092,5.552412545,4.729742226
57,孟村回族自治县,116.1056281,38.45135652,2.647054203,5.212409837,5.286069652,5.853621215,6.341800247,6.760359281,4.297264163,4.317616936,4.514969642,2.430997877
58,任丘市,117.1104361,38.05983913,4.831225923,4.889141466,4.947057008,5.004972551,5.062888093,5.120803636,5.739860097,5.777392851,5.79748954,7.708503871
59,黄骅市,116.12956,38.19598144,2.389232052,2.420518031,2.451804011,2.48308999,2.51437597,2.545661949,3.117555232,3.129999217,3.190038314,7.733473125
60,河间市,116.30542,39.44448486,5.063204593,5.237544962,5.411885331,5.586225701,5.76056607,5.934906439,5.814936511,5.843501399,5.868008048,7.736999309
61,固安县,116.0912782,38.69203213,7.115109857,7.30499636,7.494882863,7.684769366,7.874655869,8.064542371,7.998838401,5.944116609,5.978826979,3.036300778
62,永清县,116.5054293,39.327853,6.399749764,6.59336854,6.786987317,6.980606094,7.17422487,7.367843647,7.428736386,5.501738698,5.503483607,2.939228032
63,香河县,117.0124021,39.76793919,6.73769689,6.926724971,7.115753052,7.304781133,7.493809214,7.682837296,7.573907826,5.865891742,5.87471374,4.458333333
64,文安县,116.4646095,38.87895049,3.095654762,3.293046194,1.421943844,0.650775779,3.306221323,3.310613033,2.865223673,4.93972295,4.958745476,3.432080287
65,三河市,117.0845879,39.98809955,7.554336931,7.777698468,8.001060005,8.224421542,8.447783079,8.671144615,8.80143665,5.815379665,5.863965382,4.68559633
66,衡水市,115.6754061,37.74519141,3.3119909,4.694157162,3.575896079,11.76287481,3.713084176,2.934231806,6.690011564,6.705008611,6.742425655,4.917100349
67,太原市,113.7554142,40.36739184,5.360035421,5.425549041,5.491062661,5.55657628,5.6220899,5.68760352,5.172727273,5.654255319,5.746627743,3.385511364
68,清徐县,114.0974775,40.4264122,0.44683908,1.530600982,0.357162166,1.041261134,0.246308744,0.133436924,0.267522701,0.028428897,0.210664907,6.058450684
69,阳高县,113.5876167,37.86236085,3.440705017,3.440285328,3.439865638,3.439445949,3.43902626,3.438606571,3.401125137,3.416116304,3.431107472,5.084871795
70,天镇县,112.7094633,40.01962345,1.733316966,1.595758521,1.458200076,1.320641631,1.183083187,1.045524742,1.128945362,1.031749192,0.934553022,5.162967431
71,左云县,112.3645576,37.61306684,1.221156544,1.244498464,1.267840384,1.291182304,1.314524224,1.337866144,1.283843562,1.293693107,1.303542652,6.878996924
72,阳泉市,113.1225589,36.20126837,3.282984167,3.379073322,3.475162476,3.57125163,3.667340784,3.763429938,4.006503703,4.114714343,4.222924982,6.245896871
73,盂县,113.4184205,38.09197963,2.327677329,2.310133642,2.292589954,0.011933174,2.25750258,2.239958893,1.86059224,1.80623957,1.751886899,6.332717937
74,长治市,112.5563915,37.87698903,0.1848836,1.45112101,0.125979444,0.766968165,0.05763874,0.047188734,5.75,5.731343284,5.811735061,6.344896663
75,长治县,113.0574161,36.05928648,0.24444604,1.447438886,0.172784497,6.120955882,0.156138731,0.12605535,5.685019206,6.288428325,5.355008913,6.376508785
76,襄垣县,112.8984748,36.32163084,3.543699912,3.633837557,3.723975203,3.814112848,3.904250493,3.994388138,3.154549831,3.322493225,3.051746393,6.832505695
77,屯留县,113.0574126,36.54168582,0.322855592,1.494884952,0.337087338,0.40141186,0.21166228,0.155587669,3.321624588,3.652421652,3.687451784,6.241604517
78,平顺县,113.442517,36.20598946,0.094256869,1.360534682,1.27610191,0.019552892,0.122716843,0.119779907,3.52173913,4.644478064,1.899752209,6.31511482
79,黎城县,112.705458,36.76218994,5.439487413,5.575399273,5.711311133,5.847222992,5.983134852,6.119046712,2.626345344,3.158196313,2.829299185,6.86845598
80,壶关县,112.8845659,36.12800156,0.277493606,1.389954706,0.269054178,0.361411087,0.257177764,0.22445122,3.624390244,4.123134328,3.720008961,5.761363636
81,长子县,113.3934325,36.5086699,0.492654545,1.648412769,0.528907019,0.781520301,0.589064703,0.304612604,5.710059172,6.19461338,6.226653259,6.06557377
82,沁县,113.2135799,36.1213346,2.055490654,2.570093458,2.04002193,0.385159011,1.769836066,1.21918552,2.558139535,2.724082935,2.845057471,2.01100414
83,潞城市,113.2355785,36.33969127,0.095694276,0.030807899,0.119830585,0.405211025,0.102919601,0.247135076,2.349086045,3.328081557,2.949750039,1.05391816
84,晋城市,112.4214538,35.49218132,3.628557326,3.690609912,3.752662499,3.814715086,3.876767672,3.938820259,3.583877611,3.485998991,2.439600594,3.562104912
85,阳城县,112.4393709,39.33710837,2.671997655,2.71039535,1.674866124,2.78719074,2.825588436,2.863986131,3.41900777,3.388349515,2.840234137,2.996670869
86,陵川县,112.8585782,35.49628459,3.089130435,3.397149707,3.142424242,3.534726798,3.603515343,3.672303888,2.940711462,4.596483909,3.15082715,3.7549191
87,高平市,113.2874066,35.78174364,3.358041298,3.416669881,3.475298464,3.533927048,3.592555631,3.651184214,3.96945293,4.586382585,3.068099431,3.929890432
88,朔州市,112.9304124,35.8043368,0.07207557,1.242356814,0.005239356,0.905317083,0.05875025,0.3525576,0.438874978,0.456747815,0.352147853,0.326732661
89,右玉县,112.4735001,39.99485956,0.817630634,0.826609492,0.83558835,0.844567208,0.853546067,0.862524925,0.780283839,0.779841347,0.779398855,0.778956363
90,晋中市,112.9815986,37.07636967,4.782180413,4.872110038,4.962039664,5.05196929,5.141898915,5.231828541,5.029166667,5.084210526,5.482301452,5.713738997
91,榆社县,112.7595948,37.69283941,2.40515163,3.34289948,4.28064733,5.21839518,6.15614303,7.09389088,1.125,1.1,4.228623021,5.846753731
92,左权县,113.3854518,37.08855515,3.440402812,3.458757693,3.477112573,0.000958084,3.513822334,3.532177215,3.759398496,3.751879699,2.829379117,3.073494935
93,和顺县,113.7136129,37.61788404,3.503863431,3.628547117,3.753230804,3.87791449,4.002598176,4.127281862,4.299001895,4.425285731,4.551569567,3.730973451
94,昔阳县,113.5766057,37.33480774,4.860634539,4.997788284,5.134942028,5.272095773,5.409249518,5.546403262,5.547360096,5.670692476,5.794024856,5.077324716
95,寿阳县,113.1834102,37.90130761,3.36038872,3.49362165,3.626854579,3.760087509,3.893320439,4.026553369,4.511238488,4.683493718,4.855748949,3.360599325
96,太谷县,112.7595948,37.69283941,5.440532921,5.533131866,5.62573081,5.718329754,5.810928699,5.903527643,5.358384745,5.407501589,5.892536627,4.231487534
97,祁县,112.3424424,37.36413128,1.662207804,0.038309859,1.362206098,2.137516301,1.018206495,0.826479625,5.526062121,5.643875232,2.330440644,6.27
98,平遥县,112.1824556,37.19560069,0.996951648,1.709574723,0.521596062,0.496051804,0.160521701,0.126421107,4.148387097,4.499231951,1.691658787,2.531454115
99,灵石县,111.7856179,36.8533675,1.030490405,1.942233942,1.764772727,1.993723597,2.019468424,2.045213251,1.416666667,2.348195329,2.171861517,2.996078431
100,介休市,111.9235632,37.0326864,2.083177395,2.750965251,2.382789063,8.350627138,7.41297685,13.6393925,3.944030356,4.323837,7.59044285,5.267180802
101,运城市,111.0133895,35.03270691,3.325861593,3.332224741,1.556279328,5.708078797,2.204833244,2.747298053,3.800996072,4.794246904,3.702747279,3.581249867
102,临猗县,110.780407,35.14954224,3.812884995,3.840943188,3.869001381,3.897059575,3.925117768,3.953175961,4.329563329,5.012346589,4.35915,3.128325509
103,万荣县,110.8445761,35.4211088,3.256968712,3.002618387,3.5495836,1.568548387,2.647719216,2.576608187,2.181577182,3.21656051,2.6484,4.048987282
104,闻喜县,111.2314104,35.3629312,4.344628579,4.484943287,5.170727969,4.765572703,8.058860759,5.046202118,2.58179182,3.971962617,2.871899725,3.962962963
105,稷山县,110.9894146,35.61040357,4.105834769,4.384615385,5.101684076,4.427451559,4.525869411,5.756411348,3.623113508,4.584296036,4.0419,3.804173142
106,新绛县,111.2314065,35.6226301,4.748968849,4.832433653,4.915898456,4.99936326,5.082828063,5.166292866,3.56737535,4.632970038,4.1337,3.672043011
107,绛县,111.5754865,35.49727637,4.470905781,4.176933609,3.440252815,4.289864893,5.044673694,6.494159163,2.610752983,3.436585706,2.76,4.026020847
108,垣曲县,111.6766067,35.30301452,3.538416932,2.61530849,1.160083801,1.971983837,1.43339124,2.245120968,2.312109693,3.555957846,2.63175,1.900672683
109,夏县,111.2264315,35.14746178,3.369679601,3.382254239,3.394828877,3.407403515,3.419978153,3.432552791,4.616911798,5.36036036,4.80195,4.01190007
110,平陆县,111.2234805,34.84292515,1.554187609,2.051411722,2.023285875,1.995160028,1.006615637,1.090959835,2.518181818,3.362126933,2.649900149,1.619644115
111,芮城县,110.7006115,34.69938811,3.88425247,3.9248219,3.96539133,4.005960761,4.046530191,4.087099622,3.819747306,4.926263934,4.21635,4.040568978
112,永济市,110.4545777,34.87282971,7.896901408,5.452813043,5.844059406,5.651545457,5.750911664,5.850277871,5.161022866,5.870784043,5.3586,5.90952381
113,河津市,110.7185721,35.60192658,4.187500539,4.230078132,4.272655725,4.315233318,4.357810912,4.400388505,4.72162227,5.219895602,5.104950052,4
114,定襄县,112.7174871,38.7364759,3.614608231,3.62153882,3.628469409,3.635399998,3.642330587,3.649261176,3.616941185,3.620523509,3.624105834,3.675922137
115,原平市,112.9635286,38.47997431,0.084183104,1.41252696,0.065263011,6.318924303,0.084336032,0.04841673,3.894366197,4.041860465,4.874830547,4.7775258
116,临汾市,111.4823964,35.64732734,4.15105445,4.214119842,4.277185234,4.340250625,4.403316017,4.466381408,4.584287992,4.7261821,4.115401108,4.580745525
117,曲沃县,111.5255302,36.0937419,4.445590576,4.503884619,4.562178663,4.620472706,4.67876675,4.737060793,4.427450048,5.698586037,4.566902257,3.375679715
118,翼城县,111.7253755,35.74442908,3.406575463,3.677563427,3.31002913,4.914746966,3.489303523,3.717294127,3.999475743,4.462607419,4.068148912,3.00282675
119,襄汾县,111.4485401,35.88206267,4.001708368,4.051267187,4.100826006,4.150384825,4.199943645,4.249502464,4.400222991,5.180288492,4.14810059,5.147682889
120,乡宁县,110.6384159,36.76590867,2.886083893,2.930869891,2.975655888,3.020441886,3.065227883,3.11001388,2.221044417,2.698576168,2.575199254,2.74802038
121,永和县,110.8534979,35.97644167,0.112698974,0.763358104,0.086495583,0.440378328,0.074651585,0.095265344,0.632452048,2.129241877,0.791396104,0.2197769
122,侯马市,111.1504497,37.52449775,1.400154083,1.304571835,1.141232604,1.121200075,9.634009009,1.160576208,4.68260274,5.627607666,4.792497739,9.996486256
123,吕梁市,111.3783966,35.62536482,2.293870917,2.377003261,2.460135606,1.756126482,2.626400295,2.70953264,2.989139579,3.089093775,3.189047972,3.289002169
124,文水县,112.0355987,37.44430008,4.008047719,3.986759415,4.198475967,3.944182807,4.602113821,2.747985696,4.234206151,3.827283538,3.805566111,3.783848685
125,交城县,112.1625677,37.55777224,0.366645797,0.808033035,0.310377744,0.237898419,0.176038685,0.33931212,4.521367521,0.13330673,0.122552638,0.073693192
126,柳林县,110.8953898,37.43549296,5.5,2.190694196,4.7,1.703432494,0.031578947,0.039578947,2.075826942,2.146145777,2.216464611,4.710952946
127,石楼县,110.8415955,37.0044705,0.686545624,0.690220336,0.264075735,0.69756976,0.701244471,0.704919183,1.251712329,1.304189435,0.887410924,5.394511251
128,中阳县,111.1856296,37.36287279,1.26536365,1.298137804,1.330911958,3.284519857,1.396460265,1.429234419,1.701275713,1.760643535,1.820011356,5.393576098
129,交口县,111.1876282,36.98787267,0.062602965,0.899708009,0.059562044,0.314704755,0.87075924,0.002384106,1.19047619,0.726731296,0.703547656,3.430928179
130,孝义市,111.785606,37.15106332,2.913602261,2.964462771,3.015323281,3.066183791,3.1170443,3.16790481,3.840378688,3.228181554,3.271815154,3.163799551
131,汾阳市,111.7945966,37.27129179,2.794048106,2.830695592,2.867343078,0.075827072,2.94063805,2.977285536,3.315789474,2.837184455,2.851565775,3.207870968
132,济南市,117.1263994,36.6565542,4.822744279,0.169411127,5.187233907,5.930568935,5.774445809,5.730103694,5.095858963,5.770398923,2.120855325,4.271784506
133,长清县,116.4626167,36.29486132,5.158518276,5.243154371,5.327790466,5.412426561,5.497062656,5.58169875,5.64243019,5.379579725,2.546144935,3.646693047
134,平阴县,116.7583871,36.56021588,2.738209187,3.302425783,1.506898131,16.12070344,1.531349053,1.667014513,5.28931992,6.130928098,2.418204182,3.79350348
135,济阳县,117.1806211,36.98397052,5.808880305,5.901964718,5.995049131,6.088133544,6.181217957,6.27430237,6.532104717,6.825432447,2.617770588,3.719997988
136,商河县,117.1635298,37.31497072,7.09495654,7.278925508,7.462894475,7.646863443,7.830832411,8.014801379,6.764557013,7.791596109,7.924856233,4.050007213
137,章丘市,117.5325654,36.68553275,5.460346917,5.558627139,5.656907361,5.755187583,5.853467805,5.951748027,5.782513583,5.907141819,5.981264404,3.764991575
138,胶州市,120.4535362,36.39474917,6.916357222,7.101161178,7.285965134,7.47076909,7.655573046,7.840377002,5.894882434,7.622764083,7.759555477,5.325002216
139,即墨市,120.0395354,36.27034909,6.502413616,6.69706141,6.891709205,7.086356999,7.281004794,7.475652588,5.482686794,7.293868259,7.445089841,4.203409531
140,平度市,120.2045465,35.96638287,11.7943035,10.39076168,11.37044007,5.225638891,13.3859339,13.4077621,6.762030125,10.73575268,11.00386122,5.161493715
141,胶南市,119.9767007,36.75993613,6.292728259,6.442520185,6.592312111,6.742104037,6.891895963,7.041687889,4.595929097,6.491616978,6.57165637,5.347500688
142,莱西市,120.5245562,36.8939563,6.913550641,7.096839641,7.280128641,7.463417641,7.646706641,7.829995642,6.465022232,5.619983698,7.383900203,3.499673775
143,桓台县,118.1044342,36.96560798,7.856545333,8.012982693,8.169420052,8.325857412,8.482294772,8.638732132,8.204890865,6.93593299,8.287441835,5.193084719
144,高青县,117.8333943,37.17726865,6.485481439,6.620947188,6.756412937,6.891878686,7.027344435,7.162810184,6.886514787,4.252617359,4.382501351,5.032493603
145,枣庄市,117.3305419,34.81599405,6.024313372,6.161724098,6.299134825,6.436545551,6.573956278,6.711367004,3.502583989,7.485495776,4.23686985,6.10821725
146,滕州市,118.5814317,37.57855513,6.662159677,6.781983749,6.90180782,7.021631891,7.141455962,7.261280033,7.467075694,5.415713196,4.15977831,6.502980922
147,垦利县,117.1725652,35.12003481,4.5362401,4.684240734,4.832241368,4.980242002,5.128242636,5.27624327,5.284238646,5.712888951,3.199199426,6.097176153
148,利津县,118.261618,37.4958603,6.083517635,6.281359922,6.47920221,6.677044497,6.874886784,7.072729071,5.916191753,6.932276877,3.298601003,3.774741334
149,广饶县,118.426002,37.06048885,7.715892187,7.928947804,8.142003421,8.355059038,8.568114655,8.781170272,6.84104192,5.609841147,3.281582621,5.695299451
150,莱阳市,120.7184143,36.98463557,5.145990793,5.251823485,5.357656178,5.46348887,5.569321562,5.675154255,5.088075006,6.214692277,4.692399847,7.316872428
151,招远市,120.4406017,37.36113714,4.529228743,4.592474359,4.655719976,2.801819083,4.782211208,4.845456825,5.000259157,5.67032967,3.489232515,7.511763275
152,临朐县,118.836488,36.71299619,5.497723984,5.623275614,5.748827243,5.874378873,5.999930503,6.125482133,4.68439393,6.175206157,2.730024923,5.293320024
153,昌乐县,118.54945,36.5191295,6.100861009,6.86416165,8.065521677,7.397973431,10.08796195,8.630221957,4.053282499,5.585992552,3.74251497,7.418954918
154,诸城市,119.4164022,36.00200886,5.652696897,5.523118768,5.393540639,5.581871036,5.134384381,5.004806252,4.264411154,7.141423576,3.447735407,7.624584985
155,寿光市,119.2256075,36.4838422,7.825592655,8.013282994,8.200973334,8.388663673,8.576354013,8.764044352,4.621531502,6.150778704,9.167137989,2
156,安丘市,119.762411,36.38895671,6.276132597,6.415852137,6.555571677,6.695291217,6.835010757,6.974730297,4.034021433,7.394907138,1.399803536,3.147058824
157,高密市,119.404406,36.86516107,6.380937802,6.534205991,6.687474181,6.84074237,6.994010559,7.147278748,4.819586123,7.084544362,8.737523161,9.258263712
158,昌邑市,118.7974154,36.86192175,6.735165276,6.898766821,7.062368365,7.22596991,7.389571454,7.553172999,4.591348626,7.230160209,8.710787756,1.469135802
159,微山县,117.1354138,34.8133151,3.583884892,4.066528576,2.711222707,0.72536036,3.403553091,3.454776675,6.624452252,6.706729438,4.108509888,1.567028986
160,鱼台县,116.6573928,35.01788772,6.104808928,6.201289368,6.297769808,6.394250249,6.490730689,6.587211129,6.452848485,7.395402893,7.160557499,2.893939394
161,嘉祥县,116.3486131,35.41325504,5.929114477,6.034473905,6.139833332,6.245192759,6.350552187,6.455911614,6.615515277,6.550995909,2.489215054,5.878260386
162,汶上县,116.5054411,35.71705539,5.750194439,5.795160527,5.840126614,5.885092702,5.930058789,5.975024877,6.995251827,6.221000884,3.053980657,5.583487111
163,泗水县,117.2574286,35.67060048,0.468991192,1.166070979,1.048539368,0.696784859,1.209929818,1.174040081,5.265892917,1.401366136,3.596313778,5.425894947
164,梁山县,116.1026203,35.80806389,6.076697189,6.225454011,6.374210832,6.522967653,6.671724474,6.820481295,6.787274469,7.057985355,3.081039445,5.445
165,曲阜市,116.7901152,35.55795237,6.218992526,6.326321703,6.433650879,6.540980056,6.648309232,6.755638409,6.753476612,6.657994623,3.266170331,5.0766
166,兖州市,116.993416,35.58737229,6.708656228,6.800379286,6.892102343,6.983825401,7.075548459,7.167271516,7.574968056,7.019768521,3.540313236,6.29535
167,邹城市,117.0144042,35.40752093,5.612655127,5.691998777,5.771342428,5.850686079,5.930029729,6.00937338,6.486335449,7.027461031,3.283851876,6.61605
168,泰安市,116.8125785,35.7645391,6.825407273,6.960312822,7.095218372,7.230123921,7.36502947,7.49993502,7.063897683,6.748842424,3.238923845,5.901
169,宁阳县,117.0944948,36.20585804,7.070983909,6.537492458,7.683987523,5.415955176,6.003139002,8.799206743,6.763735189,6.668220746,3.068848768,4.980150088
170,东平县,117.7746062,35.91461987,6.946356242,9.105259733,10.63265375,14.44853948,11.18867945,12.28826146,6.681869306,6.658614703,2.207920103,5.802290591
171,新泰市,116.4775942,35.94190802,6.117554707,6.262066382,6.406578056,6.55108973,6.695601405,6.840113079,6.486082074,6.983783362,3.113344947,5.541127448
172,肥城市,122.0644284,37.20011333,6.376623678,6.498659591,6.620695504,6.742731416,6.864767329,6.986803242,7.052999158,4.650093809,2.365476153,6.790034297
173,文登市,121.5464286,36.92517736,4.818958452,4.875288119,4.931617787,4.298326026,5.044277122,5.10060679,5.624943193,5.670075325,1.21541502,6.340910941
174,荣成市,122.4925046,37.17131794,4.952894003,5.011995338,5.071096674,5.130198009,5.189299344,5.248400679,5.641496599,5.820661896,2.262269939,5.575765493
175,乳山市,116.7754008,36.18881122,5.219396619,5.3176641,5.415931582,5.514199064,5.612466546,5.710734028,5.55054672,5.654399758,2.161920382,7.707516618
176,日照市,119.5334154,35.422839,5.252655428,5.339096095,5.425536761,5.511977428,5.598418094,5.684858761,5.370784726,4.609803922,5.49662862,6.855530035
177,五莲县,119.2155804,35.7556971,5.465398136,5.582503759,5.699609382,5.816715005,5.933820628,6.050926251,4.395848419,6.182227283,5.929865798,3.745454545
178,莒县,118.8757122,35.59687205,5.708827296,5.839903289,5.970979281,6.102055274,6.233131267,6.36420726,5.633274247,4.638854919,6.154017062,5.3241819
179,莱芜市,117.6665907,36.20884143,5.685715889,5.766904089,5.84809229,5.92928049,6.010468691,6.091656891,4.041245268,5.523160144,5.521640546,7.407943501
180,临沂市,118.4714915,35.55609767,5.89136003,6.01451594,6.13767185,6.260827761,6.383983671,6.507139582,5.479379648,5.423633224,6.238243184,6.076496387
181,沂南县,118.3735871,34.61922593,5.043337489,5.165591063,5.287844637,5.410098212,5.532351786,5.65460536,5.287585197,7.267354209,0.642857143,6.003
182,郯城县,118.6346173,35.79618058,5.13908205,5.220509374,5.301936697,5.383364021,5.464791345,5.546218669,7.243554819,5.366923553,5.786342733,6.21795
183,沂水县,118.363533,35.11067124,5.062820063,5.199644898,5.336469734,5.473294569,5.610119404,5.746944239,5.222761523,6.854949396,6.011715734,6.9075
184,苍山县,118.0774095,34.86361639,4.848512445,4.937495423,5.026478401,5.115461378,5.204444356,5.293427334,6.290506028,5.089704952,5.405969344,4.921415094
185,费县,117.9844251,35.27230413,4.268206527,4.338590672,4.408974816,4.479358961,4.549743106,4.620127251,4.932042254,5.420771513,4.779701972,4.902452015
186,平邑县,118.8415408,35.18081163,2.754455193,3.275762057,1.530113392,8.411275831,1.569377436,1.874235282,5.273965877,5.871437025,3.778566091,3.024
187,莒南县,116.3655567,37.44130845,4.793903584,4.890047228,4.986190872,5.082334516,5.17847816,5.274621804,5.521551934,5.367258208,5.29989551,6.97620283
188,临沭县,117.6212629,35.52306049,4.951383446,5.064389484,5.177395523,5.290401561,5.403407599,5.516413638,5.830950863,7.439202997,2.417799353,6.300297192
189,德州市,116.5894,37.34713243,6.397275434,6.484980445,6.572685456,6.660390467,6.748095477,6.835800488,7.42761194,8.083583847,7.075861347,5.514742766
190,陵县,116.8065376,37.65801875,6.892011628,7.035628116,7.179244604,7.322861092,7.46647758,7.610094068,8.069238175,7.352777294,7.580121969,5.34195037
191,宁津县,118.6574945,34.92601859,2.321552322,4.269484907,5.375754803,5.001025395,5.929968806,5.822268142,7.340973371,6.73065876,5.406053708,4.874999999
192,庆云县,117.3914524,37.78158532,5.375118297,5.460861293,5.54660429,5.632347287,5.718090284,5.80383328,6.680250348,7.796865976,5.4,4.94204918
193,临邑县,116.8734037,37.19616937,6.49739762,6.629194665,6.760991709,6.892788753,7.024585797,7.156382841,7.778964858,8.191509181,5.0496,6.01913367
194,齐河县,116.4405047,37.17122146,5.565470523,4.375175144,4.028844633,1.107538467,2.83277053,2.989853101,8.11216906,7.872035899,6.11535,5.203125
195,平原县,116.7693875,36.78994481,8.171236575,7.170610754,7.440651714,4.635383375,10.61658486,9.771503428,7.837486875,6.919507105,6.4195996,5.843023256
196,夏津县,116.0085341,36.95415486,6.221259847,6.384396731,6.547533614,6.710670498,6.873807382,7.036944265,6.858276703,7.758081363,5.8485,5.454545455
197,武城县,116.0755063,37.21922208,6.493421813,6.657065639,6.820709465,6.984353291,7.147997117,7.311640944,7.109296022,7.741479884,4.800335783,6.061422414
198,乐陵市,117.2384064,37.7359245,6.867579328,7.028465325,7.189351322,7.350237319,7.511123316,7.672009313,7.356144022,7.80021638,5.7342,6.811017712
199,禹城市,115.9915878,36.46275819,6.854890285,6.99827881,7.141667336,7.285055861,7.428444386,7.571832911,7.768019816,7.166474852,5.3976,5.86797066
200,聊城市,116.6443711,36.94024201,5.654197844,5.741039899,5.827881955,5.914724011,6.001566067,6.088408123,7.000224699,7.130974375,6.67785,6.855226841
201,阳谷县,115.7983956,36.12081551,3.646296545,3.543518238,0.002473207,3.337961625,3.235183318,3.132405011,6.998929639,6.813008697,3.966590324,6.525641026
202,莘县,116.2544929,36.34095771,5.344220248,5.429896283,5.515572318,5.601248354,5.686924389,5.772600424,6.730489859,7.156571667,6.1962,6.513467337
203,东阿县,115.6773969,36.23990712,5.550692691,5.637201982,5.723711273,5.810220565,5.896729856,5.983239147,6.987856628,6.903030519,7.589852113,6.967741935
204,冠县,115.4493958,36.49024323,5.587954011,5.701092063,5.814230114,5.927368165,6.040506217,6.153644268,6.805052533,7.096656855,6.751049611,6.331730769
205,高唐县,116.2356043,36.85159108,5.748425698,5.851724198,5.955022699,6.0583212,6.1616197,6.264918201,6.867026402,7.128959017,3.9255,7.562195122
206,临清市,115.7114696,36.84428919,5.972749753,6.090253673,7.99375,6.325261513,6.442765434,6.560269354,6.923005695,6.496299053,5.285698564,6.565880721
207,惠民县,117.5165097,37.49580311,6.266546209,6.409755246,6.552964283,6.69617332,6.839382357,6.982591394,6.750005656,6.618813716,7.3173,6.745327103
208,阳信县,117.584437,37.64733803,5.839545247,5.972884987,6.106224728,6.239564469,6.37290421,6.50624395,6.73506874,6.611956904,6.143617021,5.390625
209,无棣县,117.6324575,37.77756731,4.400987946,4.515583482,4.630179018,4.744774553,4.859370089,4.973965625,5.567882957,5.721410844,5.390625,6.845288754
210,沾化县,115.896519,34.95860565,5.272940311,5.440112662,5.607285012,5.774457363,5.941629714,6.108802065,6.120268506,6.110961366,6.183206107,6.466791045
211,博兴县,118.1174927,37.16047728,6.964740128,7.148441444,7.332142761,7.515844077,7.699545393,7.883246709,6.647185085,6.71658853,6.847165992,6.483843212
212,邹平县,118.1054544,37.70529811,6.319793046,6.457328976,6.594864907,6.732400837,6.869936768,7.007472699,6.997430422,6.797705689,4.984464567,7.144006744
213,成武县,117.7494785,36.87003222,9.011347047,8.038214921,8.821021568,8.868498105,10.24794717,9.69878129,5.995316445,5.93490195,4.91475,6.949800098
214,巨野县,115.9453933,35.5814756,5.813554933,5.953522247,6.09348956,6.233456874,6.373424188,6.513391501,5.981895862,5.92924937,6.2226,6.942149991
215,郓城县,116.101599,35.40206238,5.647796124,5.775932531,5.904068939,6.032205346,6.160341754,6.288478161,5.938121922,6.023687783,6.973951351,6.92280001
216,定陶县,115.5794374,35.07727518,4.278631027,5.217857705,4.982064422,5.26950872,5.009761184,4.83321376,5.927141782,5.995457445,6.279901114,5.030820639
217,菏泽市,115.5484572,34.83180935,3.498496269,2.820251508,2.142006747,1.463761986,0.785517225,0.107272464,5.875699735,6.142459807,5.48145,5.635957527
218,曹县,116.1115837,34.78465843,5.685352737,5.804497002,5.923641267,6.042785532,6.161929797,6.281074062,5.731603955,6.047972366,4.713600919,5.525327675
219,单县,113.6314192,34.75343885,6.019646873,6.176632969,6.333619064,6.49060516,6.647591255,6.804577351,5.953492818,5.102997784,6.027845141,4.755
220,郑州市,113.9824849,34.72501085,1.641107944,3.104446404,1.518517554,5.110088592,1.606502091,1.561270519,5.010782834,5.967567782,4.954545455,6.264267098
221,中牟县,113.028431,34.75409689,5.522645719,5.653627548,5.784609377,5.915591206,6.046573035,6.177554864,5.948859792,3.512469266,5.901162791,4.499592566
222,巩义市,115.487545,35.23940742,2.928477421,2.852355519,2.776233617,2.700111715,2.623989813,2.547867911,3.494965927,5.382891404,5.481481481,5.623217681
223,荥阳市,113.3894228,34.7938105,4.189730711,4.243834124,4.297937536,4.352040949,4.406144362,4.460247774,5.398112594,3.832858604,6.255494505,5.024813896
224,新密市,113.7464345,34.40176638,3.411257339,3.447265972,3.483274605,3.519283238,3.555291871,3.591300504,3.736961536,4.93529371,6.782511211,7.26369863
225,新郑市,114.3207651,34.80401391,4.711096603,4.778824692,4.846552782,4.914280872,4.982008961,5.049737051,4.883048483,3.062114444,5.888568224,4.951690821
226,开封市,113.3973909,34.54589798,5.222993889,5.330353921,5.437713954,5.545073986,5.652434018,5.75979405,5.450805524,6.043235726,6.643233743,5.274232962
227,杞县,114.7895921,34.55485678,8.894093521,6.498298311,8.636164792,6.823118045,6.985527911,7.147937778,5.982071188,6.175049171,6.353959859,5.268266855
228,通许县,114.4734359,34.4867718,5.445786746,5.549863105,5.653939465,5.758015824,5.862092184,5.966168543,6.134400165,5.813697318,6.80475,5.612411469
229,尉氏县,114.8252355,34.86221092,4.75707175,4.814806146,4.872540542,4.930274938,4.988009334,5.04574373,5.836460222,5.969857874,6.17685,5.681818182
230,兰考县,114.1995612,34.41722801,5.154861025,5.278925782,5.40299054,5.527055297,5.651120054,5.775184811,5.627993519,5.319410319,6.4113,7.4583
231,孟津县,112.4594213,34.62426278,5.76509324,5.390734659,7.070680313,4.984493042,7.214693635,7.186749117,4.195965522,4.186047555,5.2593,7.43835
232,栾川县,111.6224267,33.79182246,3.34375684,3.387284555,3.430812269,3.474339984,3.517867699,3.561395413,3.742313788,4.246879156,6.30795,7.56885
233,嵩县,112.0924082,34.14072156,3.026684087,3.066570818,3.106457549,3.14634428,3.18623101,3.226117741,4.222571884,4.095000252,6.81315,7.64895
234,汝阳县,112.4795033,34.15984336,3.295030824,3.330556286,3.366081747,3.401607209,3.43713267,3.472658132,3.890415172,4.2,6.326859991,7.5969
235,宜阳县,111.6595874,34.39498456,3.373696786,3.419759707,3.465822628,3.511885549,3.557948471,3.604011392,4.030344756,4.387509876,6.953070287,6.69975
236,洛宁县,112.4324075,34.4276458,3.606238543,3.695007649,3.783776754,3.87254586,3.961314965,4.050084071,4.367386709,4.431883908,6.7035,7.1877
237,伊川县,113.0614472,33.8747456,3.671023006,3.737658449,3.804293893,3.870929336,3.93756478,4.004200224,4.175260417,5.370021598,6.630911599,7.4439
238,宝丰县,112.1794654,34.54104694,3.778659336,3.806729736,3.834800136,3.862870536,3.890940936,3.919011336,5.049062228,5.275491982,4.59061072,7.04757524
239,叶县,113.3635824,33.63249167,3.987008004,4.027131448,4.067254892,4.107378336,4.14750178,4.187625224,5.194969917,3.512024048,5.91975,6.436567164
240,鲁山县,112.914434,33.74487886,3.355845722,3.35122945,3.346613178,3.341996906,3.337380634,3.332764362,3.435457121,5.401513883,5.91375,6.844530321
241,郏县,114.3995004,36.10594098,5.027667799,5.122420779,5.217173759,5.311926738,5.406679718,5.501432698,5.315955342,5.272599249,5.73075,6.836248013
242,安阳市,114.3634094,35.92764374,5.403459345,5.50735232,5.611245295,5.71513827,5.819031245,5.92292422,4.974861829,6.009920789,6.155876829,6.524258344
243,安阳县,113.2196062,33.97748629,11.12026316,11.24345,14.40355,11.86805601,11.41904326,11.50381968,5.977338836,6.32225509,5.129614108,6.45
244,汤阴县,114.5255532,35.5810454,6.214973259,6.352153523,6.489333787,6.626514051,6.763694315,6.900874578,6.3,7.385048047,5.553024262,6.15
245,滑县,113.8255902,36.08885321,6.151447135,6.275315066,6.399182997,6.523050928,6.646918859,6.77078679,7.341,5.743956851,5.326295585,6.567523534
246,内黄县,114.9075888,35.97694967,5.564797038,5.684786842,5.804776645,5.924766448,6.044756251,6.164746054,5.715034181,3.690292712,7.232876712,6.525
247,林州市,114.4767338,36.08862382,4.033998372,4.086430015,4.138861658,4.191293301,4.243724943,4.296156586,3.660005974,5.664212315,5.272277228,5.84029446
248,鹤壁市,114.2154897,35.62727702,3.044084478,5.978447324,6.796638595,7.614829867,9.099034775,9.890609462,5.642273132,7.222668704,6.388434666,6.961122581
249,浚县,114.3035936,35.75235741,6.248698337,6.478662166,6.708625995,6.938589824,7.168553654,7.398517483,7.175007571,6.959235853,5.131578947,6.970697101
250,淇县,114.5576079,35.68191731,8.674145299,6.675263202,7.703587162,0.533378685,6.290161449,6.317920099,6.951351351,6.649991853,5.136363636,6.091897233
251,新乡市,113.6634167,35.26580928,3.851582982,3.144958151,2.43833332,1.731708489,1.025083659,0.318458828,6.583137032,7.546857112,5.660467825,6.063034188
252,获嘉县,114.2115118,35.14780651,7.42927031,7.558709044,7.688147779,7.817586513,7.947025247,8.076463982,7.061995134,6.2262402,5.883999475,6.315247253
253,原阳县,113.9466237,35.07116386,3.318864131,3.022840163,2.726816194,2.430792226,2.134768258,1.838744289,6.179575927,6.629805778,7.209302069,6.277705346
254,延津县,113.8115938,35.19656441,7.168699608,7.395241587,11.09034959,7.848325544,8.074867522,8.301409501,6.577719861,7.288416344,7.3719,7.303351903
255,封丘县,114.4256062,35.04685753,6.64212695,6.817286044,6.992445138,7.167604232,7.342763325,7.517922419,7.230775095,7.068823586,7.1796,6.69920654
256,长垣县,113.9336005,35.30963993,6.064862675,6.23323112,6.401599565,6.56996801,6.738336455,6.906704899,7.005733967,6.514118996,5.8209,6.50614105
257,辉县市,113.811573,35.46795782,4.157945208,4.159019898,4.160094588,0.576137292,4.162243969,4.163318659,6.268482219,5.438917209,7.383,7.078125954
258,修武县,113.4545819,35.22932348,7.112548645,7.270784634,7.429020622,7.58725661,7.745492598,7.903728586,6.642047026,8.026028891,6.341973678,8.047399004
259,博爱县,113.070478,35.17730806,7.663124297,7.820297422,7.977470547,8.134643672,8.291816797,8.448989922,8.021259199,8.045639772,7.100306471,8.103040149
260,武陟县,113.4083958,35.10583845,7.500562998,7.637063311,7.773563623,7.910063936,8.046564248,8.18306456,8.040380435,8.09256662,7.22115,5.745
261,温县,113.0865691,34.94613549,7.022692969,7.125144746,7.227596523,4.838470948,7.432500076,7.534951853,8.087038789,5.632871795,7.31145,7.8045349
262,济源市,112.6085807,35.07290723,4.408334289,1.897759771,4.427510242,4.437098219,4.446686196,4.456274172,5.51700925,7.794022989,6.905150883,7.660203139
263,沁阳市,112.9575169,35.09378573,7.311388145,7.448439794,7.585491442,7.722543091,7.859594739,7.996646387,7.790083411,7.663058824,6.913352052,7.661816357
264,孟州市,115.1104719,35.89130817,7.438911077,7.577083672,7.715256266,7.85342886,7.991601454,8.129774048,7.653061224,7.349988644,6.274365655,7.413689743
265,濮阳市,115.0355975,35.76759303,0.78873085,1.421349118,0.797681973,11.5005344,0.847181168,0.805237401,7.287064117,7.234948454,6.699456599,7.667786117
266,清丰县,112.7973949,34.91359782,6.878616709,7.045724556,7.212832403,7.37994025,7.547048097,7.714155944,7.212007466,7.499631801,6.703356575,6.37379562
267,南乐县,115.2113862,36.07603083,5.456758227,5.584926073,6.164137401,2.324936563,6.150852245,6.189234568,7.455975214,6.21747893,6.187367483,7.070715474
268,范县,115.5105862,35.85765509,5.665706271,5.812340126,5.958973982,6.105607838,6.252241694,6.39887555,6.202486351,6.334085511,6.614258486,6.883112783
269,台前县,115.8785682,35.97501271,6.058204387,6.228959298,6.399714209,6.570469121,6.741224032,6.911978943,6.286927096,6.716287441,6.377863592,7.001936108
270,许昌县,113.8294779,34.13052548,6.262638804,6.413479066,6.564319328,6.71515959,6.865999852,7.016840114,7.300429352,7.516503188,6.438,7.393090101
271,鄢陵县,114.1846377,34.1088817,6.534640837,6.667376105,6.800111373,6.932846641,7.065581909,7.198317177,7.501501723,7.341001614,5.631,6.074550186
272,襄城县,113.5134201,33.85791182,5.793576873,5.905230049,6.016883225,6.128536401,6.240189577,6.351842753,7.296066453,6.031642846,5.9853,7.475784837
273,禹州市,113.4952236,34.14826652,4.955128993,5.040185947,5.125242901,5.210299855,5.295356809,5.380413763,5.963960279,7.423161508,6.6525,6.934527834
274,长葛市,113.8206576,34.20153875,10.75223634,7.527016142,6.037340753,4.078216989,12.22373267,12.17737236,7.393026387,6.716772824,6.7245,7.083170421
275,舞阳县,113.61549,33.4435778,4.830307942,4.895712074,4.961116207,5.026520339,5.091924472,5.157328604,6.471032437,6.559489532,5.779220779,7.717507245
276,临颍县,113.9375783,33.83269195,5.387712392,5.457283902,5.526855413,5.596426923,5.665998434,5.735569945,7.616978758,7.622934721,5.791316527,4.503067485
277,郾城县,111.7685423,34.77319704,5.182471997,5.227310342,5.272148687,5.316987032,5.361825378,5.406663723,6.896107255,4.490196078,5.923994039,3.988218768
278,渑池县,110.9004083,34.52314262,0.866265538,0.335898341,0.875627615,0.816375715,0.973474126,0.931618576,3.902046263,3.732877752,6.266611296,3.674130777
279,灵宝市,114.0133939,33.59341588,3.172682838,3.199250268,3.225817697,3.252385127,3.278952557,3.305519987,3.899540332,5.618430563,5.237676492,3.87252535
280,南阳市,112.4354252,33.4961858,4.378658001,4.392411548,4.406165095,4.419918642,4.433672188,4.447425735,5.569514416,4.088194064,5.862708018,5.043185173
281,南召县,112.5345013,32.9965622,2.72010101,8.730597015,3.615809218,4.114853097,3.451440329,3.485971223,3.991406107,5.149354013,3.400070435,3.257828237
282,方城县,113.0185028,33.26053946,3.39200566,3.406791017,3.421576375,3.436361732,3.45114709,3.465932447,5.123585933,3.437357006,5.463631139,5.252583688
283,西峡县,111.4803981,33.31331612,3.418215943,3.443276349,3.468336756,3.493397162,3.518457568,3.543517975,3.365728431,5.261798753,3.863432754,4.998119015
284,镇平县,111.8554253,33.05120311,8.716265126,8.068035833,9.639330072,9.353597385,10.48470092,10.48849693,5.242809033,5.135397911,4.970362622,3.687193126
285,内乡县,112.2415445,33.03971853,3.580431803,3.987378641,4.199856063,4.066808037,4.255705862,4.756802068,5.103524229,3.814223599,3.077442631,5.86905867
286,淅川县,111.497432,33.14418526,3.26446195,3.281095463,3.297728977,3.314362491,3.330996005,3.347629518,3.732495458,5.885590374,5.609653533,6.157680502
287,社旗县,112.9544935,33.06223669,3.758011976,3.777792934,3.797573892,3.81735485,3.837135808,3.856916766,5.841010287,5.816302828,6.048603739,7.345497201
288,唐河县,112.8134244,32.68772066,4.032822979,4.066457477,4.100091976,4.133726474,4.167360973,4.200995472,5.757777252,7.459617036,6.185035466,4.113113705
289,新野县,112.3665496,32.52663178,4.270060035,4.289612667,4.3091653,4.328717932,4.348270564,4.367823196,7.459491413,4.242260176,5.827351052,5.732383753
290,桐柏县,113.4344727,32.38513075,3.025309824,3.042661146,3.060012468,3.07736379,3.094715112,3.112066435,4.1613857,5.592294741,5.98326823,7.186570142
291,邓州市,112.0934201,32.69391744,4.302814209,4.35594283,4.409071451,4.462200072,4.515328693,4.568457314,5.583578994,7.001142745,5.67311242,7.062640644
292,商丘市,115.6624493,34.42020167,5.232459271,5.359167974,5.485876676,5.612585379,5.739294082,5.866002784,6.853167023,6.952498024,4.974909964,7.086050507
293,民权县,115.1545761,34.65247873,5.409961686,2.21268095,6.415532133,5.584379784,6.90041866,6.891200899,6.930271485,6.958693764,4.170378213,7.110050403
294,睢县,115.0784109,34.45161697,5.91686075,6.074674296,6.232487841,6.390301386,6.548114932,6.705928477,6.932211371,6.96449927,3.706856941,7.229314421
295,宁陵县,115.834473,34.4053315,4.997368226,5.11091564,5.224463054,5.338010467,5.451557881,5.565105295,6.943951546,7.096504137,3.276084408,7.184483004
296,柘城县,115.3124346,34.09736021,4.691216309,2.124945652,4.839942946,4.914306265,4.988669584,5.063032902,7.06729113,7.03526655,3.380444138,7.172506131
297,虞城县,116.1375124,34.24352347,4.894718311,5.012809324,5.130900338,5.248991351,5.367082364,5.485173378,6.995729621,7.049372656,3.316056598,7.247819953
298,夏邑县,114.0974828,32.15301455,4.881815364,4.996653683,5.111492001,5.22633032,5.341168638,5.456006956,7.022434211,7.027785642,3.700506274,4.31887273
299,永城市,116.4555661,33.93480148,3.867280016,3.777830203,3.68838039,0.900883913,3.509480763,3.42003095,6.976283485,4.361399276,3.390603317,4.270039566
300,信阳市,115.3204184,34.46663403,2.916845896,2.925074908,2.93330392,2.941532931,2.949761943,2.957990955,4.34799975,4.257062905,3.754959827,4.290163072
301,罗山县,114.925533,32.01590688,2.992926712,3.03802977,3.083132828,3.128235887,3.173338945,3.218442003,4.222542902,4.286008556,4.998430962,3.500421941
302,光山县,114.5195299,32.20915045,4.243483857,5.131980492,7.453638379,5.756571557,9.047998154,7.847455939,4.26530502,3.395956192,4.178105828,4.15603984
303,固始县,115.0584708,32.13753072,2.990958441,3.031066972,3.071175504,3.111284035,3.151392566,3.191501098,4.35893307,4.285730464,3.394521302,5.079400155
304,潢川县,115.6604879,32.17417438,2.499387802,2.486496344,2.473604886,2.460713428,2.44782197,2.434930512,4.256287529,5.048424749,5.249991654,5.252903597
305,淮滨县,115.426439,32.47946976,3.099830538,3.132506322,3.165182107,3.197857891,3.230533676,3.26320946,5.02866668,5.300179797,5.068526056,7.484997541
306,息县,114.7474531,32.34895551,3.46384121,3.510987082,3.558132954,3.605278826,3.652424698,3.699570569,5.245521403,7.480622687,4.872055141,7.511994517
307,扶沟县,114.4015098,34.06590625,6.564373559,6.692123659,6.819873759,6.947623859,7.075373958,7.203124058,7.504494082,7.50594883,4.693741572,7.511999294
308,西华县,114.5355967,33.77321533,6.51583156,6.65442045,6.79300934,6.931598229,7.070187119,7.208776009,7.504462863,7.535824106,5.935088768,7.513050306
309,商水县,115.1054555,33.41569109,5.510390163,5.592132503,5.673874844,5.755617184,5.837359524,5.919101864,7.506022922,7.508275346,6.354011127,7.516449557
310,沈丘县,114.6184159,33.54887748,5.60562973,5.673728961,5.741828191,5.809927422,5.878026652,5.946125883,7.511968325,7.512559297,7.407185155,7.513504583
311,郸城县,115.1834776,33.65082796,5.968288024,6.113878331,6.259468638,6.405058945,6.550649251,6.696239558,7.504766541,7.509423802,5.834649722,7.513053158
312,淮阳县,114.7079827,33.64308358,5.948107155,6.079341379,6.210575603,6.341809826,6.47304405,6.604278273,7.505900036,7.50747953,3.700513643,7.513500094
313,太康县,114.0274736,33.393861,6.852143906,7.01942878,7.186713654,7.353998528,7.521283402,7.688568276,7.509286072,7.509431852,5.65815716,7.624493224
314,鹿邑县,115.4905853,33.86717329,6.389566535,6.540633298,6.691700062,6.842766825,6.993833588,7.144900351,7.542042748,7.57217188,7.281016611,7.513046474
315,项城市,114.8443839,34.07003838,5.545693705,5.641822683,5.73795166,5.834080638,5.930209615,6.026338593,7.336729743,7.38609784,6.996024242,6.244464311
316,西平县,114.2704869,33.26851122,4.995660442,5.070427483,5.145194523,5.219961564,5.294728604,5.369495645,6.94441735,6.08330993,6.685192731,7.246486534
317,上蔡县,114.881514,33.47300744,4.761625344,4.861375093,4.961124842,5.060874592,5.160624341,5.26037409,6.870273428,6.989833445,7.568667785,7.13202757
318,平舆县,114.6254287,32.9679824,4.194004134,4.27022589,4.346447646,4.422669402,4.498891158,4.575112914,6.738145562,6.906075867,7.143900447,7.01452514
319,正阳县,114.3994966,32.61164108,3.662713293,3.717357402,3.77200151,3.826645618,3.881289726,3.935933834,5.8912179,6.789318584,6.248388332,5.999138682
320,确山县,113.333558,32.72973065,4.269307638,4.353682716,4.438057794,4.522432872,4.60680795,4.691183028,6.034541924,5.89199108,6.669448715,5.735085276
321,泌阳县,114.032495,32.80817569,3.620283398,3.669921639,3.719559879,3.76919812,3.818836361,3.868474602,5.55197693,5.589539973,7.32975261,6.869833162
322,汝南县,114.3694089,33.01314088,4.315015481,4.37916121,4.443306939,4.507452667,4.571598396,4.635744125,6.590474272,6.6398221,7.111265673,6.960126413
323,遂平县,114.0194415,33.1519714,3.834435012,3.873055737,3.911676463,0.577573276,3.988917915,4.027538641,6.719287958,6.76635827,6.541616364,6.571606922
324,新蔡县,114.9718491,32.75131512,4.25810737,4.344604588,4.431101805,4.517599022,4.60409624,4.690593457,6.322985262,6.378359795,6.352945215,3.625551462
325,周口市,114.7079827,33.64308358,2.033397524,3.236469755,2.475664537,2.515494517,2.649660004,2.719678549,7.452694611,3.235846868,5.078502037,2.062257954
326,西安市,108.9464656,34.34726882,4.39719869,4.442366733,4.487534775,4.532702817,4.577870859,4.623038901,4.495878525,4.474615174,1.655634759,0.293179619
327,临潼区,109.2204358,34.37274743,3.753374661,3.771930454,3.790486247,3.80904204,3.827597833,3.846153626,4.203155819,4.584658396,4.517123288,4.349977311
328,长安区,108.9135805,34.16329027,3.507511271,3.522150646,3.536790022,3.551429397,3.566068772,3.580708148,4.285353283,3.826637412,3.438434983,0.25500189
329,蓝田县,108.2284218,34.16938527,3.616758765,3.667991203,3.719223641,3.770456079,3.821688516,3.872920954,3.474491497,4.373203438,1.763438197,0.279080815
330,周至县,109.3293881,34.15762065,4.154246048,3.813826354,2.434857213,3.946218834,3.747837544,3.865028078,4.007964472,5.185278441,5.944915254,0.320019773
331,户县,108.6114202,34.11502071,4.400286873,4.434145207,4.468003541,4.501861875,4.535720208,4.569578542,4.969840213,6.795195153,7.240617433,2.263137408
332,高陵县,109.0943869,34.54109311,3.889352423,3.743900213,3.598448003,2.220422535,3.307543583,3.162091372,6.679280397,2.528500959,3.204719417,3.035899054
333,铜川市,108.9524042,34.90263708,0.291123702,1.297947679,0.190683521,1.076293869,0.222950455,0.242770083,2.188163037,3.232432432,6.244680851,2.476997579
334,耀州区,108.9864379,34.91596031,2.720980005,2.764015137,2.807050269,2.850085401,2.893120532,2.936155664,3.547684297,2.602227812,7.933043005,2.910722195
335,宜君县,107.2445754,34.36891564,1.268130922,1.775243122,1.047387068,1.809816995,1.319855885,1.275680457,2.451733135,2.857884348,8.124497992,3.599852746
336,宝鸡市,107.2445754,34.36891564,4.178809303,4.555538717,8.647072072,4.623889805,3.058748525,2.971045814,3.225347859,3.773474248,7.683688647,4.587499403
337,宝鸡县,109.1235367,35.40458219,3.10595983,3.127112978,3.148266126,3.169419274,3.190572422,4.520274953,3.980121548,4.795069426,6.483443709,5.637028109
338,凤翔县,107.2445754,34.36891564,3.37607977,3.408646602,3.441213434,3.473780265,3.506347097,3.538913929,4.466932593,6.045346906,2.311722009,5.647381589
339,岐山县,107.9064531,34.38146335,3.719019003,3.701954206,2.991790397,5.507838671,3.638738628,3.585205314,5.847347755,5.82837273,3.291793859,5.193800296
340,扶风县,107.6274473,34.44977696,3.989110889,4.0053637,4.02161651,4.037869321,4.054122132,4.070374943,5.330936552,5.239724522,4.661837061,2.462208521
341,眉县,106.8705837,34.89878025,3.010189308,2.99952401,2.444827586,3.451153846,2.855147314,2.454514948,4.955172414,2.538576376,3.219759061,2.458169325
342,陇县,107.7563981,34.28037586,10.3097619,9.823322226,9.843333333,11.4637103,12.28390434,13.10409838,2.367178421,2.577450884,2.647058824,1.77837093
343,千阳县,106.5225578,33.91658302,0.637004606,1.41941502,0.622470298,0.278422274,0.898992213,0.882955885,2.280699916,1.692974347,3.594757431,2.651951005
344,麟游县,107.7995141,34.68374867,2.036589982,2.074274237,2.111958492,2.149642746,2.187327001,2.225011255,1.516511929,3.008962868,4.265073226,2.391739748
345,凤县,107.1394662,34.6485446,5.395944504,3.504462254,4.306829766,3.741906024,4.855791524,5.97973441,2.685096154,2.467611336,4.138932319,4.610461941
346,咸阳市,108.7154225,34.33547629,5.804616401,6.345088368,6.885560336,7.426032304,7.966504272,8.50697624,4.578400547,4.873022641,3.376906318,4.510180834
347,三原县,108.9474465,34.62307896,3.390912554,3.397958003,3.405003451,3.4120489,3.419094349,3.426139797,4.26199262,4.752546038,2.048411675,4.404308589
348,泾阳县,108.2453776,34.53401827,3.700262335,3.709405205,3.718548074,3.727690944,3.736833813,3.745976682,4.338536345,4.60477556,8.466439336,4.172602571
349,乾县,108.1484688,34.69803554,6.169751901,4.9952271,4.865668649,1.172539862,5.613572502,6.982545722,4.35588565,4.304866906,6.814764107,3.689712944
350,礼泉县,108.4316155,34.48739077,3.83533626,3.834508136,3.833680011,3.832851886,3.832023762,3.831195637,3.802516941,5.348518705,6.703581103,3.779789331
351,永寿县,108.0845656,35.04961057,3.088882666,3.144765943,3.200649219,3.256532496,3.312415772,3.368299049,3.601516547,3.945018901,12.38004751,3.768484889
352,彬县,108.8493788,34.53331653,3.49960167,3.576488615,3.65337556,3.730262505,3.80714945,3.884036395,3.720147174,3.914940502,11.23125606,3.784046736
353,长武县,107.8055608,35.21165734,1.700215575,2.346892741,1.066498493,2.968882919,1.812753541,2.208874304,3.606744868,3.884650318,6.3519076,3.766362115
354,旬邑县,108.496394,34.30547652,5.773610571,4.533322571,4.66922524,4.805127908,7.008302319,6.525,3.538789819,3.897353649,7.746162047,4.552568067
355,淳化县,108.5874418,34.80477691,3.166293825,3.241656421,3.317019017,3.392381613,3.467744209,3.543106805,3.488046033,4.841960501,7.129830312,4.536841824
356,武功县,108.2065511,34.26613767,4.005579782,4.02173484,4.037889898,4.054044956,4.070200014,4.086355072,4.564797537,4.828002873,5.538552788,4.921779302
357,兴平市,108.340467,35.11796392,3.791027416,3.784594393,3.778161369,3.771728346,3.765295322,3.758862298,4.663977582,4.098192609,12.36206092,3.600536895
358,渭南市,109.5165896,34.50571552,4.383869888,4.411782594,4.439695299,2.390352697,4.495520711,4.523433416,4.649956503,3.759626604,5.608731637,3.306516823
359,华县,109.7784774,34.51873074,3.452954025,3.475189032,3.497424039,3.519659046,3.541894053,3.56412906,3.375823349,3.661051213,5.88742456,3.719289253
360,潼关县,109.9484533,34.80183276,3.828518519,2.691151522,1.349025974,2.736504011,1.76780303,1.813256113,3.29189907,3.984513772,12.49497158,2.639997956
361,大荔县,110.2525076,34.55032685,3.027223609,3.03217186,1.927644038,1.284871139,3.047016614,3.051964866,3.621944806,3.080819507,6.737315784,2.763997129
362,合阳县,109.5924965,34.96127413,3.658409392,3.720030523,3.781651654,3.843272785,3.904893915,3.966515046,2.535733172,3.039346812,8.740903536,4.584272238
363,澄城县,110.1553962,35.2438722,2.794277778,3.239063937,2.400257331,6.583268612,2.650920458,2.859232176,2.335436044,3.899069328,4.302859977,2.882084499
364,蒲城县,109.9384336,35.19657282,7.981420068,6.320166679,5.449265193,4.502888259,8.31889953,8.89309062,3.43667696,3.227059079,5.782878877,4.065996657
365,白水县,109.5975206,35.18328751,4.710669929,5.073549878,5.436429828,6.395474544,6.162189728,6.525069677,2.821962358,4.172731559,4.559877211,2.827733293
366,富平县,110.4495526,35.48208679,8.852628623,10.41405646,11.9754843,15.04345974,15.09833998,16.65976782,3.693292463,3.023243952,3.076228924,3.716701903
367,韩城市,109.1864374,34.75726044,3.564575988,4.086728691,5.357385661,4.289589722,6.280165054,6.478476556,2.43191906,3.90015657,8.270901637,6.310908207
368,延安市,109.5011837,36.65608966,4.6,1.595737355,1.621164645,0.11383973,1.672019224,1.697446514,1.328612211,1.651282051,5.786184211,2.80063398
369,延川县,110.2005403,36.88413696,2.091229294,2.158241976,2.225254658,2.29226734,5.186666667,2.010373444,1.134408602,2.793217479,2.420263425,2.92531413
370,甘泉县,109.3575235,36.28268862,1.278510051,1.293568883,1.308627715,1.323686547,1.338745379,1.353804211,1.456827879,2.843137255,1.945386013,2.015515326
371,富县,110.1754131,36.05639744,1.789678676,2.357477329,1.549222798,5.381118881,1.75375,1.41375,3.750788644,3.40398293,3.251546207,3.376129516
372,洛川县,109.8465491,35.59023377,1.719269777,3.37716626,1.994444444,6.495652174,1.061983471,1.283171521,3.73880597,4.124183007,3.536540103,3.618516002
373,宜川县,109.269606,35.58507635,3.007721291,3.103822393,3.199923495,6.948,3.392125698,3.4882268,3.6375,3.490039841,4.74386349,4.981986477
374,黄龙县,109.438404,35.76830043,0.643026005,1.791496007,0.875101379,1.82231353,1.775749674,1.118644068,3.528455285,3.604892966,2.269927941,3.664728682
375,黄陵县,107.0294302,33.07379991,4.703901437,5.548315862,3.90568979,16.46363636,5.179029126,5.259450856,3.529904975,3.479976785,6.925358719,3.442142857
376,汉中市,107.3406126,33.16239939,1.911113411,2.768162998,3.042448174,2.113576469,3.246300716,3.313258495,3.33157277,3.226181991,1.624895598,3.302583346
377,南郑县,106.9424332,33.0056146,0.86593786,1.810341081,0.659313014,1.156277056,0.666028708,0.710984308,2.886671418,3.18256262,0.646184054,3.157688911
378,城固县,107.5524643,33.22886259,1.451244344,1.983414518,1.229247656,0.207285429,1.332992153,1.441043084,2.836319018,3.02424091,1.5112078,2.30462882
379,洋县,107.7733928,32.98939744,3.370350691,4.180154663,3.463009015,4.55798124,7.038586957,6.707894737,2.82541464,2.178752719,4.20991015,3.192694595
380,西乡县,106.6794259,33.15980475,2.456772414,2.389172876,2.321573338,2.2539738,2.186374262,2.118774724,1.964428312,3.070267213,1.80193453,2.430332262
381,勉县,106.2645886,32.8353802,0.408591504,1.491835943,0.354140329,0.322382979,0.384629561,0.403325365,2.828324986,2.326151444,0.435818398,2.36813155
382,宁强县,106.163544,33.33319378,2.250879567,2.107940169,1.914701987,0.001522052,2.165251989,2.268350747,2.192217534,2.286266625,1.550060636,1.226651798
383,略阳县,107.6075696,37.60045987,2.762616822,1.312404992,0.646323529,1.022134834,0.710022075,0.747858392,2.130528921,1.205882353,1.874497992,2.355114292
384,镇巴县,107.9014456,32.54283337,0.012700274,0.184893391,0.007815528,0.003906654,0.007662095,0.003745802,1.166666667,2.290076336,0.384545049,2.266288952
385,留坝县,106.9274144,33.62382522,1.127586207,1.966940915,0.907407407,1.961703714,1.959085113,1.956466513,2.129770992,2.132352941,1.667373854,1.641417034
386,定边县,110.1275592,37.09485289,0.088662589,0.491664502,0.005200703,0.470331961,0.015661471,0.050396051,2.05781759,0.167525077,0.71641791,0.613798431
387,清涧县,108.515507,32.89912086,0.106989972,0.156387948,0.03280943,0.413911429,0.040046966,0.057463565,1.87763111,0.551934662,6.096306818,2.588335164
388,安康市,108.5415943,32.52578562,6.592713686,5.874405306,6.601466993,0.761556744,3.208770726,2.627233973,2.474253838,2.387127457,5.244373325,2.501234568
389,汉阴县,109.0356011,32.69051277,0.586651975,1.249295598,0.726394379,0.022801303,0.766131089,0.711442786,2.179685265,2.636971047,5.635738636,2.367346939
390,石泉县,108.2544268,33.04460211,1.799944848,1.808208752,1.816472656,1.824736559,1.833000463,1.841264367,2.445945946,2.367924528,2.556650246,2.546130952
391,紫阳县,109.3865965,35.99336798,1.884390498,1.9165672,1.948743901,1.980920603,2.013097304,2.045274006,2.231235785,2.696013289,2.547445255,2.19804742
392,商南县,110.8884085,33.53753348,2.112146456,2.103796806,2.095447155,2.087097504,2.078747854,2.070398203,2.074468085,2.385068422,2.329136062,2.284727119
